timestamp,lat,lon,node_id,priority
2025-06-20 19:10:00,18.5185899,73.8423754,2852763566,medium
2025-08-09 09:19:00,18.500384,73.8104139,10223455693,low
2025-04-09 18:05:00,18.5191863,73.9007136,7999213703,medium
2025-06-02 00:27:00,18.4754863,73.8832257,2383877504,medium
2025-03-07 04:43:00,18.5483219,73.9003073,2961452808,low
2025-07-13 02:20:00,18.5595616,73.8946183,4700638354,low
2025-10-31 12:52:00,18.5220345,73.8837948,1242075126,low
2025-12-07 11:14:00,18.5516197,73.845575,4711767067,low
2025-06-15 22:21:00,18.5029965,73.9001934,7048425380,low
2025-03-25 18:35:00,18.4834613,73.8523841,10223388350,medium
2025-04-06 08:50:00,18.4791054,73.8578667,10213637899,low
2025-09-28 19:56:00,18.5041384,73.823497,10230354745,medium
2025-04-12 21:04:00,18.5383793,73.8552305,4344141785,medium
2025-01-28 04:30:00,18.4942482,73.8978796,7161943806,medium
2025-11-19 09:46:00,18.4913719,73.8653334,679058219,high
2025-05-09 15:00:00,18.47612,73.8239952,10227867051,medium
2025-08-02 07:20:00,18.4973358,73.8240061,1224072444,high
2025-10-09 23:16:00,18.502453,73.8637537,10227050292,high
2025-12-18 14:02:00,18.5119347,73.8722734,12017339637,medium
2025-07-16 10:16:00,18.5230636,73.8644542,11402600837,medium
2025-02-09 00:50:00,18.4917122,73.853338,1224916341,low
2025-04-07 01:14:00,18.4870686,73.8689719,679060945,medium
2025-11-06 17:29:00,18.4811534,73.8580018,2235086757,medium
2025-10-20 21:01:00,18.4937948,73.8594197,10223341001,medium
2025-05-29 03:15:00,18.4910021,73.8265935,10232420133,medium
2025-01-01 03:33:00,18.4982243,73.8392406,2207888175,high
2025-02-01 20:40:00,18.5015825,73.8691271,2259729558,medium
2025-01-25 08:58:00,18.5272472,73.8629567,10224955015,medium
2025-05-18 23:09:00,18.4937736,73.8341105,11137702087,medium
2025-12-14 08:29:00,18.5523205,73.8733083,7319650344,medium
2025-04-23 11:27:00,18.5011658,73.8473877,2265917517,medium
2025-03-28 02:23:00,18.5135055,73.8219492,4704786386,medium
2025-10-20 19:45:00,18.5052334,73.8982393,7999764734,low
2025-02-02 18:10:00,18.5058669,73.8622359,10227701577,medium
2025-10-25 20:20:00,18.5530908,73.8754613,2631172000,medium
2025-02-11 09:46:00,18.4949318,73.8716421,7998469894,low
2025-09-04 10:24:00,18.5007451,73.8279501,2194046149,high
2025-12-22 09:54:00,18.4924439,73.8972276,10972478417,high
2025-08-27 15:40:00,18.5009527,73.8384194,10230541369,low
2025-08-12 00:29:00,18.5381177,73.8528982,8006501015,medium
2025-01-22 19:20:00,18.5008278,73.827011,2265580034,high
2025-04-19 15:13:00,18.5544693,73.8770868,11140264026,medium
2025-01-22 07:54:00,18.5188165,73.8366894,10991287677,medium
2025-02-22 01:12:00,18.490033,73.8100585,4703608169,low
2025-01-20 16:32:00,18.5529431,73.8866142,7319650348,high
2025-01-05 10:13:00,18.5637203,73.8306758,11925271033,medium
2025-04-20 15:17:00,18.5392056,73.9005863,2848157432,low
2025-08-19 04:19:00,18.5167783,73.8449122,7145818388,medium
2025-02-13 17:22:00,18.4928294,73.870632,10980329604,medium
2025-07-12 01:54:00,18.5057698,73.8523738,2165021606,high
2025-04-05 08:50:00,18.5034507,73.8640098,679051267,high
2025-03-17 09:23:00,18.5010235,73.8496212,2207888213,medium
2025-02-12 15:00:00,18.5016701,73.8657618,10227027366,high
2025-01-05 11:59:00,18.5306955,73.8756056,2171089265,medium
2025-11-14 07:45:00,18.5522541,73.8867443,10242102605,low
2025-04-30 11:50:00,18.5099914,73.8592644,672167168,high
2025-03-27 15:52:00,18.5004448,73.8162279,9170953903,low
2025-06-21 11:56:00,18.5168952,73.8583374,672160742,high
2025-09-22 14:35:00,18.5298456,73.8633125,7018375889,medium
2025-09-20 11:09:00,18.5289578,73.8499519,3238255156,medium
2025-04-18 03:43:00,18.5019959,73.8441555,10230158242,medium
2025-04-15 11:51:00,18.4883392,73.8553978,2265732875,medium
2025-08-28 01:38:00,18.5098336,73.8150415,10223449631,high
2025-05-20 20:01:00,18.5088531,73.8479684,1223960370,medium
2025-12-17 03:09:00,18.484486,73.8898698,672690601,medium
2025-11-08 23:30:00,18.511115,73.8108516,7998931738,medium
2025-07-15 10:19:00,18.5021888,73.8761431,11752141481,low
2025-02-13 13:12:00,18.491347,73.8191603,4703535479,high
2025-03-23 14:55:00,18.5318127,73.8539003,11978246600,high
2025-12-19 23:36:00,18.505399,73.8591749,10227701549,medium
2025-03-04 14:17:00,18.5232241,73.8839294,672148389,low
2025-05-24 03:15:00,18.5023684,73.8655404,2265917532,medium
2025-07-17 13:13:00,18.4978881,73.830851,2194045989,medium
2025-12-07 04:38:00,18.4959822,73.8153789,2252147622,medium
2025-05-13 15:45:00,18.4777074,73.889535,10978236167,low
2025-07-16 19:50:00,18.5087616,73.860695,673349454,low
2025-09-07 18:23:00,18.5563994,73.8471155,1226539017,high
2025-06-17 03:57:00,18.5194252,73.8596296,769093216,high
2025-12-23 20:52:00,18.5295584,73.8234743,10241627517,low
2025-05-15 05:14:00,18.482229,73.8602978,2235086782,medium
2025-03-26 18:38:00,18.4906932,73.8534308,10223521328,medium
2025-12-20 14:42:00,18.5019945,73.8102795,2088317138,high
2025-03-05 16:21:00,18.4929068,73.8269157,1224049913,high
2025-05-13 21:57:00,18.513962,73.83749,1355426337,medium
2025-03-02 23:33:00,18.5055856,73.8737735,10223035445,low
2025-06-19 04:44:00,18.5083146,73.8465514,678441186,high
2025-05-21 11:14:00,18.5076809,73.8535885,2266580384,low
2025-02-18 10:22:00,18.5313706,73.8142265,12060775116,high
2025-04-08 05:45:00,18.5108934,73.8079812,10223412048,high
2025-06-16 04:10:00,18.4941484,73.8555312,8009762887,low
2025-05-06 13:29:00,18.5066772,73.8543291,2618478713,medium
2025-06-25 08:25:00,18.5004137,73.8239233,2194046118,medium
2025-04-06 20:50:00,18.5211739,73.8553642,1363411982,high
2025-07-08 12:44:00,18.5171,73.8736167,10213633287,medium
2025-02-09 19:49:00,18.4845573,73.8121816,2165021402,low
2025-01-26 14:47:00,18.4932045,73.870042,1224904848,medium
2025-09-03 09:09:00,18.5510912,73.8537413,10241719646,low
2025-03-03 13:52:00,18.5561466,73.8180465,2185649266,medium
2025-06-02 02:20:00,18.4995087,73.8275388,2580386991,high
2025-08-11 16:34:00,18.5157644,73.8633751,10225181894,high
2025-10-27 13:33:00,18.5313603,73.8249826,4704786300,high
2025-12-31 21:22:00,18.5305087,73.8287202,2203119388,low
2025-04-24 09:04:00,18.5310477,73.8106438,2253906277,medium
2025-07-22 19:54:00,18.5288164,73.8262025,10241613173,high
2025-08-08 20:25:00,18.505159,73.868528,10227022052,low
2025-05-24 22:04:00,18.5522232,73.8806421,2954431127,low
2025-03-04 15:30:00,18.527794,73.9023971,2270382539,low
2025-04-11 14:18:00,18.530665,73.8232413,2251843453,low
2025-04-01 01:49:00,18.5097176,73.8093774,10223412058,medium
2025-11-05 17:22:00,18.4925015,73.8189827,10232401051,medium
2025-08-26 04:00:00,18.4840269,73.8454561,12041612762,medium
2025-08-29 12:17:00,18.5087619,73.8462429,1223960335,medium
2025-01-03 19:53:00,18.5117467,73.8361282,7990494276,medium
2025-07-16 07:29:00,18.5643798,73.8448795,10242155746,high
2025-04-22 12:40:00,18.552625,73.8811371,2954431140,medium
2025-04-02 16:38:00,18.4904115,73.8552245,6477689300,low
2025-02-19 09:23:00,18.5451346,73.8792143,2954430336,medium
2025-02-09 23:29:00,18.5540674,73.877295,2631172018,medium
2025-01-06 10:59:00,18.499978,73.8099012,2081066775,low
2025-08-25 01:27:00,18.5167808,73.8400013,2251843255,medium
2025-11-11 08:16:00,18.5434316,73.8403401,10241885957,low
2025-02-16 21:03:00,18.5237911,73.8698939,247740216,high
2025-12-29 02:42:00,18.4918445,73.8255927,1224074011,medium
2025-11-04 13:23:00,18.5570236,73.8173939,4705115046,medium
2025-07-02 12:03:00,18.5030018,73.8307227,10230361745,high
2025-11-13 15:31:00,18.4851643,73.8454069,2204632312,low
2025-08-16 03:42:00,18.4998982,73.8095189,2081066765,low
2025-07-11 19:59:00,18.4891842,73.8391594,4345343037,high
2025-09-30 21:21:00,18.5239707,73.8497696,2852763588,high
2025-01-08 12:50:00,18.4962759,73.8172061,10232424253,medium
2025-12-11 14:55:00,18.4945319,73.816042,10239427371,medium
2025-02-09 06:29:00,18.5330658,73.8320511,10241642598,medium
2025-02-02 06:04:00,18.5153319,73.8563217,245646844,high
2025-04-23 13:38:00,18.5044249,73.847261,678441193,high
2025-02-21 19:39:00,18.5351016,73.8255861,10232654920,medium
2025-07-23 07:02:00,18.4794866,73.8531076,2265732474,medium
2025-02-28 04:03:00,18.5068934,73.8279419,7139360128,medium
2025-05-15 20:07:00,18.528806,73.8346648,10225218909,medium
2025-11-10 10:43:00,18.5128496,73.8439554,7976058705,medium
2025-09-09 06:10:00,18.4778368,73.8250782,2210912656,low
2025-08-11 22:03:00,18.5351567,73.8485327,10241728398,high
2025-09-23 06:30:00,18.558338,73.8508355,10242113190,medium
2025-03-27 22:21:00,18.5061738,73.8757877,10223110217,low
2025-10-19 11:46:00,18.530286,73.8246445,2251843438,medium
2025-12-11 17:10:00,18.5025513,73.8211917,10230264375,medium
2025-11-16 18:25:00,18.4919348,73.8976951,9816859436,medium
2025-10-30 15:46:00,18.4793954,73.8981226,7154431160,medium
2025-04-13 20:32:00,18.5056049,73.8115412,2192940928,low
2025-07-10 08:42:00,18.5089402,73.8746788,678823912,low
2025-12-31 22:24:00,18.5056162,73.810654,10224817137,high
2025-01-30 23:31:00,18.5319054,73.8358952,2203119421,low
2025-06-02 15:39:00,18.4819317,73.8696602,2265785100,low
2025-02-05 02:33:00,18.4895165,73.8477899,2204632435,medium
2025-12-07 20:38:00,18.4806369,73.8290436,10227841643,low
2025-07-29 21:07:00,18.505482,73.8395467,2252147812,high
2025-04-10 18:43:00,18.5020434,73.8111686,10224806538,medium
2025-12-25 18:17:00,18.4844092,73.9005593,4701325494,high
2025-10-15 07:37:00,18.5044958,73.8351756,8003309022,low
2025-06-27 17:41:00,18.4964792,73.8705449,692935354,medium
2025-07-31 22:10:00,18.4831332,73.8281898,10989429331,medium
2025-01-19 08:12:00,18.5087523,73.8182169,2192940997,low
2025-03-05 01:14:00,18.4800292,73.8115619,9771633519,medium
2025-10-16 16:51:00,18.5334907,73.8319243,10232669781,low
2025-03-26 05:10:00,18.5328876,73.8326585,4343881942,medium
2025-05-10 03:41:00,18.5500647,73.8821899,10988870640,medium
2025-06-21 02:03:00,18.5035069,73.8213937,5971272067,medium
2025-06-09 22:57:00,18.5037724,73.8311726,10230313103,low
2025-05-16 02:00:00,18.5285141,73.879282,245647493,medium
2025-04-21 13:44:00,18.5161451,73.8360827,10230402347,medium
2025-12-05 23:24:00,18.5490759,73.8712426,2629943134,medium
2025-01-20 12:54:00,18.5041204,73.8728924,8003053544,medium
2025-10-09 22:58:00,18.5103056,73.8426209,10229783867,high
2025-01-01 05:57:00,18.4935526,73.8393641,5202811108,low
2025-08-23 01:59:00,18.4971712,73.8377976,8003199681,high
2025-08-30 22:51:00,18.5513817,73.8165566,4705115189,high
2025-12-09 14:35:00,18.5329598,73.8332733,344859625,medium
2025-01-01 18:57:00,18.499099,73.8399541,2207888188,low
2025-08-11 21:40:00,18.4954728,73.850229,2204632536,medium
2025-02-19 20:43:00,18.4804087,73.8584015,679066270,low
2025-07-14 05:07:00,18.4906521,73.8235076,2252147549,medium
2025-12-28 07:44:00,18.5144652,73.8423542,2181157127,medium
2025-08-26 01:49:00,18.5028568,73.8844988,2038559360,medium
2025-11-03 09:38:00,18.529964,73.8538916,3238255159,medium
2025-09-06 19:09:00,18.5050782,73.8381379,2162277742,low
2025-12-13 17:07:00,18.5181031,73.8300655,10239777345,medium
2025-02-08 12:39:00,18.5424234,73.8173887,2204241390,low
2025-12-05 11:12:00,18.5456,73.8745869,10988869691,low
2025-03-23 18:14:00,18.5213426,73.8574776,5823190468,high
2025-08-07 12:30:00,18.5051581,73.8535802,7976058696,low
2025-02-15 18:23:00,18.5036586,73.8589873,9914113510,medium
2025-11-01 00:23:00,18.4900629,73.8157587,6263254698,medium
2025-04-19 02:03:00,18.5098753,73.8233302,4704786341,low
2025-05-10 02:18:00,18.5625481,73.8302104,531363948,medium
2025-03-04 07:07:00,18.4831366,73.8504542,8900894063,low
2025-08-01 06:27:00,18.4955317,73.869644,2994147859,high
2025-10-04 22:16:00,18.5059685,73.8420722,2252147836,high
2025-09-15 05:11:00,18.5257539,73.8301141,10241581584,medium
2025-01-22 13:17:00,18.491604,73.8236039,2194045756,medium
2025-04-06 01:24:00,18.5230309,73.869892,11402606775,medium
2025-10-05 02:35:00,18.4758639,73.8882379,10225446817,high
2025-07-29 09:14:00,18.4880997,73.8207647,1705538062,medium
2025-12-03 01:51:00,18.5085369,73.8160939,2192940990,high
2025-07-02 04:44:00,18.5201974,73.8799577,2558443697,medium
2025-10-05 18:19:00,18.4872245,73.8836752,4703358644,medium
2025-04-20 23:32:00,18.5177557,73.8882802,6475762366,high
2025-04-20 10:43:00,18.5625595,73.852339,2848506133,medium
2025-09-16 02:35:00,18.5239015,73.8270724,1229139163,medium
2025-05-08 22:51:00,18.5517259,73.8095887,2668919371,high
2025-06-22 18:01:00,18.5054624,73.8591801,4340839648,low
2025-10-22 21:08:00,18.498723,73.9021375,2270382400,high
2025-07-06 12:53:00,18.5009698,73.8420285,4703535409,medium
2025-06-06 07:36:00,18.5067028,73.822557,10151360136,low
2025-03-02 11:09:00,18.5180726,73.8167587,2279179342,medium
2025-04-22 07:37:00,18.5004237,73.8618533,10227076523,medium
2025-08-20 11:11:00,18.5185775,73.8386268,4704786172,low
2025-04-07 06:06:00,18.4885743,73.8104216,10279916833,medium
2025-11-02 11:41:00,18.5347237,73.8300907,2265580414,medium
2025-04-10 09:34:00,18.5118024,73.8594592,7975741820,low
2025-04-14 21:12:00,18.5007097,73.8179829,2194046141,medium
2025-11-11 10:50:00,18.5266102,73.8629898,4703358288,low
2025-01-19 05:51:00,18.5068418,73.8323894,2164185832,low
2025-11-14 03:18:00,18.5523488,73.8732594,7319650343,medium
2025-08-16 14:08:00,18.509013,73.8349264,10230207269,high
2025-01-03 19:11:00,18.5515467,73.8397214,10242092744,high
2025-02-28 07:28:00,18.5121227,73.8715257,9756478723,medium
2025-12-01 21:06:00,18.5452717,73.8795999,7127440360,medium
2025-06-10 04:55:00,18.4911864,73.8276188,10232351205,medium
2025-06-18 00:07:00,18.4831591,73.8176,2252146861,medium
2025-03-03 12:24:00,18.5545549,73.8960464,4447331632,high
2025-08-08 11:03:00,18.5037497,73.8099212,2199397268,high
2025-01-02 11:42:00,18.5246048,73.8658658,678781792,low
2025-04-09 20:53:00,18.4783776,73.8291395,12035175484,high
2025-08-17 00:36:00,18.5588391,73.87409,2631172062,high
2025-08-21 19:20:00,18.511509,73.8453404,11235706272,low
2025-01-31 18:57:00,18.5290132,73.829849,2087084474,high
2025-04-05 18:04:00,18.5166436,73.8299568,10241567894,low
2025-06-14 18:36:00,18.4880291,73.8499475,2204632384,low
2025-03-19 20:53:00,18.5501075,73.8438715,2383922398,medium
2025-05-10 21:20:00,18.5523398,73.8894781,12067992552,high
2025-09-01 07:09:00,18.5559184,73.8537276,1226531325,low
2025-08-12 22:26:00,18.5543054,73.8932094,245648437,medium
2025-10-01 23:27:00,18.5090068,73.8596136,10227055838,high
2025-12-02 02:41:00,18.5103532,73.8297623,10230234942,low
2025-01-16 13:00:00,18.5035779,73.8744875,10223035466,high
2025-03-05 23:27:00,18.5606063,73.811714,10239509798,high
2025-11-22 20:35:00,18.4974356,73.8516446,2265733049,high
2025-10-28 10:15:00,18.4809717,73.8097897,2566477840,high
2025-02-02 13:39:00,18.4762918,73.8896642,10225428183,medium
2025-07-28 04:45:00,18.4943728,73.8610462,2265785199,high
2025-11-01 11:58:00,18.5108247,73.8331168,1223958548,low
2025-03-03 13:27:00,18.487178,73.8970822,4345398371,high
2025-03-01 03:29:00,18.5148406,73.8892633,10225755333,medium
2025-03-28 01:12:00,18.503923,73.8406054,10230438897,high
2025-12-27 19:31:00,18.4797816,73.8171719,2558563130,low
2025-07-05 16:38:00,18.5226744,73.8409165,11109258283,high
2025-08-15 17:00:00,18.5023874,73.8846779,2038559403,high
2025-04-23 18:55:00,18.5155494,73.9007246,2618538647,medium
2025-03-24 04:09:00,18.4973951,73.816108,10232747849,medium
2025-04-03 22:05:00,18.5028262,73.863286,10227050288,high
2025-08-29 01:58:00,18.4852994,73.8506054,10239810753,medium
2025-09-06 16:51:00,18.5276594,73.8587674,2265580316,low
2025-09-10 03:00:00,18.5342836,73.8718453,3385754338,medium
2025-02-25 09:04:00,18.5645177,73.8769056,4700677205,low
2025-08-02 07:08:00,18.508869,73.8359736,4346804715,medium
2025-09-24 13:19:00,18.5512733,73.8475025,4343899324,medium
2025-05-12 02:44:00,18.4816118,73.8598133,2235086764,low
2025-05-25 22:03:00,18.5095061,73.8716893,8005262217,medium
2025-05-02 19:38:00,18.4850138,73.8575055,4342390028,medium
2025-04-03 11:57:00,18.4764258,73.8623696,245645691,high
2025-11-05 17:46:00,18.5030557,73.9008655,6265222253,high
2025-04-17 19:57:00,18.4752201,73.8384895,8005717190,medium
2025-11-30 11:34:00,18.563275,73.8766873,10242096122,high
2025-09-26 22:18:00,18.5135368,73.8104314,7991692446,low
2025-02-26 15:42:00,18.5253468,73.8940384,10240026877,low
2025-12-14 00:28:00,18.5258748,73.8239555,4342574095,medium
2025-04-21 03:29:00,18.5100454,73.8887591,2558443453,low
2025-01-21 10:37:00,18.4909636,73.8182074,4703535464,medium
2025-03-07 07:12:00,18.5062777,73.8274388,10230275692,low
2025-08-20 10:15:00,18.5183575,73.8538303,2270799793,low
2025-06-26 22:39:00,18.5171828,73.8679729,2273608973,low
2025-11-06 21:39:00,18.48666,73.815471,1224048805,medium
2025-01-19 20:26:00,18.4991443,73.8994747,2892724333,high
2025-08-28 18:58:00,18.5273433,73.8490609,2252429595,medium
2025-12-03 14:49:00,18.5226036,73.8531933,12420420706,low
2025-06-29 10:27:00,18.4747234,73.8451714,2265732383,medium
2025-05-28 03:36:00,18.5292012,73.8387944,2251843410,medium
2025-04-30 15:02:00,18.5093171,73.8723153,673355673,medium
2025-05-21 05:23:00,18.5100454,73.8887591,2558443453,medium
2025-07-30 15:46:00,18.4768543,73.8963356,12120087080,medium
2025-12-25 03:16:00,18.5052156,73.852758,2270799493,low
2025-07-07 13:59:00,18.5079609,73.8228517,2192940973,low
2025-01-21 20:36:00,18.5048722,73.8432119,2252147795,medium
2025-08-03 12:23:00,18.4757543,73.8852162,2383877448,high
2025-04-01 00:43:00,18.5391007,73.8764767,10228056531,medium
2025-06-22 15:21:00,18.5156062,73.8323426,3379391034,medium
2025-08-26 07:19:00,18.5461727,73.8427594,7199823411,low
2025-12-03 12:16:00,18.4891592,73.837241,4345343033,low
2025-02-21 20:58:00,18.5225697,73.8531182,12420420710,medium
2025-08-01 04:51:00,18.5403435,73.8521318,2252430308,low
2025-07-26 15:19:00,18.4847241,73.85512,2206824415,medium
2025-10-30 02:40:00,18.5450291,73.8433746,2365553115,low
2025-09-08 13:31:00,18.5018278,73.9017215,1223029466,low
2025-05-23 14:27:00,18.4914962,73.8208437,10991485808,high
2025-05-02 22:59:00,18.5003593,73.8184918,2252147678,high
2025-09-05 04:58:00,18.4979311,73.8504823,1255244719,high
2025-11-23 08:39:00,18.5006717,73.816753,2194046131,low
2025-11-20 23:44:00,18.5619907,73.8475431,6471744565,high
2025-05-26 12:38:00,18.5156264,73.902104,1362705315,medium
2025-03-21 06:03:00,18.4797686,73.8966429,12701898753,high
2025-12-11 13:37:00,18.5117418,73.8793951,4343938093,high
2025-10-17 00:30:00,18.5087183,73.8357765,2694749042,medium
2025-04-16 07:47:00,18.4955477,73.8585095,10223341011,low
2025-07-16 23:32:00,18.5345393,73.8981066,10225665882,high
2025-05-30 20:52:00,18.5633715,73.8325637,4445112443,medium
2025-02-28 19:25:00,18.5556263,73.8824409,3051293337,medium
2025-06-24 12:07:00,18.5387665,73.8364927,3337851810,low
2025-09-15 20:32:00,18.5464874,73.879631,4344168675,medium
2025-10-15 18:42:00,18.4812797,73.9015178,674709497,medium
2025-08-20 11:45:00,18.4941507,73.8202456,2194045832,low
2025-01-02 20:28:00,18.5235739,73.8659047,678778609,medium
2025-06-03 14:19:00,18.5166898,73.8327642,10241567901,low
2025-08-11 05:31:00,18.5110802,73.815664,1110374643,medium
2025-09-24 08:20:00,18.4862091,73.8765181,1224905215,medium
2025-12-22 08:26:00,18.5193847,73.8815137,2558443689,low
2025-09-08 04:14:00,18.5253052,73.8954396,674925871,medium
2025-08-19 03:58:00,18.5576588,73.8962528,10242029296,high
2025-02-23 05:18:00,18.5174586,73.8359309,834089222,high
2025-03-28 12:49:00,18.4847766,73.812236,2165021406,medium
2025-08-19 19:59:00,18.5020124,73.8155337,2086961963,low
2025-06-29 21:03:00,18.5050782,73.8381379,2162277742,medium
2025-03-13 10:55:00,18.5232241,73.8839294,672148389,low
2025-01-27 11:03:00,18.498723,73.9021375,2270382400,medium
2025-09-11 15:44:00,18.4974669,73.8978151,10223457396,low
2025-06-06 21:02:00,18.5460545,73.8840501,1393678745,medium
2025-09-23 06:29:00,18.4854867,73.844036,2204632322,medium
2025-11-09 22:44:00,18.5392056,73.9005863,2848157432,low
2025-07-01 04:11:00,18.5615398,73.8978242,10242016076,medium
2025-08-28 11:53:00,18.5245321,73.8275126,10241581574,low
2025-04-06 21:14:00,18.504011,73.8536161,6202055636,medium
2025-09-22 18:34:00,18.559269,73.8952312,2514907597,medium
2025-04-25 18:24:00,18.4837157,73.8764211,1224904942,medium
2025-09-29 16:16:00,18.5116915,73.8847567,12642118713,medium
2025-10-11 00:17:00,18.5194996,73.8641975,633121778,medium
2025-05-19 03:35:00,18.5413996,73.8795477,2031529674,high
2025-08-04 06:38:00,18.5023874,73.8846779,2038559403,high
2025-01-27 01:53:00,18.4991067,73.8311172,763446480,low
2025-09-22 11:52:00,18.5066677,73.8580613,678449613,medium
2025-07-20 14:49:00,18.5298441,73.8974159,10239995352,medium
2025-09-02 20:21:00,18.5088857,73.8717198,2935676335,low
2025-01-11 18:30:00,18.525257,73.8598903,678773063,high
2025-06-11 10:42:00,18.5340819,73.8985309,4445177112,medium
2025-07-15 04:15:00,18.4794157,73.830995,9180635595,medium
2025-03-17 06:19:00,18.528748,73.8476917,10225215937,high
2025-12-13 21:47:00,18.5622893,73.8337517,6261103069,low
2025-07-12 05:49:00,18.494325,73.8619757,10223303507,medium
2025-06-08 20:57:00,18.5065158,73.8987898,1330411956,low
2025-08-25 19:17:00,18.5329166,73.824435,4342574131,high
2025-12-05 00:39:00,18.5599686,73.8148035,11029748417,high
2025-12-13 21:12:00,18.4884331,73.8137826,13747636159,medium
2025-07-21 01:19:00,18.5395964,73.8530999,2252430277,high
2025-07-03 07:56:00,18.5642787,73.8760034,10242096121,low
2025-09-09 13:48:00,18.5527714,73.9026529,6470423001,medium
2025-10-25 04:32:00,18.4870587,73.8182221,7979519475,low
2025-05-24 07:21:00,18.5102038,73.872888,679049295,medium
2025-01-21 03:56:00,18.5218411,73.8575533,10225007103,low
2025-09-01 05:10:00,18.5283171,73.8966185,8002073322,medium
2025-05-06 06:52:00,18.5104363,73.8186128,7148987511,medium
2025-10-10 10:11:00,18.4822045,73.8598244,2235086780,high
2025-02-01 15:58:00,18.5004448,73.8445888,6476785424,low
2025-03-08 21:51:00,18.4978272,73.8966903,10225125882,medium
2025-05-01 08:13:00,18.492224,73.8199564,10232388646,high
2025-11-06 07:07:00,18.5460754,73.8471177,2385076400,high
2025-03-23 19:05:00,18.494243,73.8536789,2184076840,high
2025-03-25 07:04:00,18.5225697,73.8531182,12420420710,medium
2025-03-23 10:18:00,18.4948074,73.8352044,10239733704,low
2025-10-27 03:52:00,18.4814371,73.8525226,6477900429,medium
2025-04-27 04:30:00,18.5086514,73.8491441,678443540,low
2025-11-02 20:05:00,18.4839317,73.8242352,4703535630,medium
2025-01-07 11:37:00,18.5495995,73.8445641,2383922388,medium
2025-12-27 18:18:00,18.4893629,73.9015095,8002040550,medium
2025-08-03 12:40:00,18.5014639,73.8293609,2265580056,medium
2025-03-25 22:51:00,18.5016817,73.8586251,2162277657,high
2025-12-29 14:51:00,18.4853953,73.9007005,2270382165,low
2025-07-19 13:28:00,18.5249969,73.8766635,2258420238,medium
2025-04-02 11:04:00,18.4988812,73.8262931,10232482234,low
2025-12-28 15:19:00,18.5209884,73.8998246,2954518686,high
2025-03-18 00:16:00,18.5362745,73.8338317,245647427,medium
2025-12-25 12:10:00,18.4807416,73.8360817,2210912711,low
2025-05-28 23:52:00,18.4783668,73.8241848,2096194252,medium
2025-08-18 14:22:00,18.5522304,73.8734644,7319650363,low
2025-11-26 04:41:00,18.494325,73.8619757,10223303507,low
2025-08-03 03:39:00,18.5253902,73.8570872,245647209,medium
2025-05-23 23:24:00,18.5281714,73.8345768,10225220349,medium
2025-03-07 12:10:00,18.4968651,73.8366196,2207888130,medium
2025-11-06 00:48:00,18.4839782,73.8662011,10223165850,medium
2025-10-11 11:41:00,18.5177272,73.848145,2266580499,low
2025-03-15 19:43:00,18.5289578,73.8499519,3238255156,medium
2025-07-04 10:06:00,18.5632081,73.8947582,4700638323,low
2025-03-11 19:57:00,18.5269667,73.9024867,10989154417,low
2025-04-06 16:32:00,18.5619354,73.8505081,6471744571,medium
2025-05-09 02:58:00,18.510907,73.8658621,772544855,high
2025-08-24 02:43:00,18.5098863,73.8585396,10713118711,high
2025-03-25 03:25:00,18.5557958,73.8084757,763454640,low
2025-12-01 07:06:00,18.492846,73.8640243,7998358245,medium
2025-07-16 10:43:00,18.5301182,73.8659357,10089606904,low
2025-04-24 17:29:00,18.5152347,73.8711455,679047903,high
2025-02-09 20:25:00,18.4886132,73.8392163,10239756530,medium
2025-08-28 07:56:00,18.485932,73.8742718,7151792328,medium
2025-09-18 16:24:00,18.5485707,73.8454149,2383922374,medium
2025-02-21 17:07:00,18.5239391,73.8702567,1240766334,high
2025-02-17 22:01:00,18.554582,73.868235,2631099445,low
2025-06-30 08:30:00,18.5346918,73.8795394,2252429946,medium
2025-08-12 18:53:00,18.5240447,73.8685501,8021138179,low
2025-04-14 19:35:00,18.5523398,73.8894781,12067992552,medium
2025-04-17 00:47:00,18.4977684,73.901256,2270382392,low
2025-11-13 03:13:00,18.500765,73.8290359,2265580022,low
2025-10-04 14:56:00,18.5289252,73.8270539,10241613169,medium
2025-10-12 22:34:00,18.5400715,73.8176709,7823861244,high
2025-08-08 17:45:00,18.4942267,73.8092517,1715922970,medium
2025-07-17 15:45:00,18.5298805,73.8340554,10241642584,medium
2025-10-28 04:28:00,18.5108704,73.8107862,10287434976,medium
2025-02-15 13:01:00,18.4760888,73.8159832,10241646323,low
2025-10-03 16:03:00,18.5430155,73.8384108,9907264781,low
2025-04-13 21:32:00,18.5006928,73.9017393,1223029518,low
2025-10-26 21:31:00,18.4835185,73.8594519,2265785120,high
2025-07-18 19:58:00,18.5006904,73.8284018,10230357932,high
2025-10-27 02:23:00,18.4974676,73.8495013,679052156,medium
2025-02-12 15:26:00,18.5483225,73.9001825,11292511963,medium
2025-03-22 22:29:00,18.4978375,73.854994,10223431494,medium
2025-05-20 18:05:00,18.5083177,73.8555696,2935676199,medium
2025-12-21 21:53:00,18.5320509,73.8372636,6271991192,medium
2025-03-01 18:36:00,18.5035267,73.8213883,6110873375,medium
2025-10-05 11:14:00,18.5013683,73.8301319,10230273308,high
2025-08-04 07:26:00,18.4876553,73.8467882,10239728240,medium
2025-08-04 09:37:00,18.5556523,73.8119389,11029698895,high
2025-12-09 20:18:00,18.5500661,73.8909992,2954430678,medium
2025-04-13 08:01:00,18.5158219,73.8378209,1534442603,medium
2025-07-19 09:06:00,18.4988779,73.8888405,672684627,medium
2025-07-31 06:10:00,18.5329369,73.8248364,7987107047,medium
2025-08-23 02:32:00,18.508456,73.8682921,678821633,medium
2025-10-14 09:07:00,18.479305,73.819225,7062657440,low
2025-08-26 17:42:00,18.5008946,73.8089905,11142822809,low
2025-10-24 15:00:00,18.5186506,73.8597248,4632305892,low
2025-03-14 10:25:00,18.5065971,73.8526752,2162277853,medium
2025-12-31 12:50:00,18.5197867,73.8392326,10224956129,medium
2025-07-19 11:59:00,18.4980036,73.849814,2207888166,medium
2025-05-21 01:26:00,18.5269777,73.8753319,6304777707,medium
2025-11-28 12:31:00,18.5365502,73.8986476,4445177111,medium
2025-09-23 14:03:00,18.5084885,73.8308014,2085669823,high
2025-07-30 03:41:00,18.5065433,73.8507675,2270799499,medium
2025-01-16 07:45:00,18.5017815,73.8700957,7120706426,low
2025-02-07 00:45:00,18.4909527,73.8534023,10223521332,low
2025-09-09 01:38:00,18.5065947,73.8283655,10803423668,low
2025-08-24 15:14:00,18.5013328,73.8691944,2234730001,medium
2025-05-04 09:35:00,18.513044,73.8687635,248436234,medium
2025-10-22 17:47:00,18.539431,73.8855066,245647904,medium
2025-04-23 23:08:00,18.4914427,73.853367,8009166378,medium
2025-08-05 05:39:00,18.5038799,73.8616062,10227701537,medium
2025-06-12 09:50:00,18.5534713,73.8784798,2631172012,low
2025-01-29 18:35:00,18.5052066,73.8799136,1245152725,medium
2025-07-04 19:55:00,18.5006447,73.8488061,2184077039,low
2025-09-06 16:48:00,18.5513812,73.8872118,2954431034,low
2025-06-27 02:43:00,18.5026979,73.8582754,2162277665,medium
2025-11-07 07:44:00,18.5053544,73.8411263,2162277758,low
2025-08-07 12:48:00,18.5524036,73.8397277,10242092753,low
2025-12-19 08:38:00,18.5098296,73.8524213,2266580413,low
2025-12-28 14:59:00,18.4826804,73.8840229,4346830921,high
2025-07-18 01:51:00,18.503642,73.8748366,10223035465,medium
2025-01-30 09:32:00,18.4751402,73.839635,8005715277,medium
2025-01-11 03:06:00,18.5117074,73.8683996,10226926479,medium
2025-06-26 12:58:00,18.4956005,73.9000837,10225146817,high
2025-07-28 20:05:00,18.4842763,73.862859,10223151590,low
2025-08-30 09:45:00,18.5023542,73.8853286,2038559398,medium
2025-03-20 16:46:00,18.5154313,73.8696541,10226956247,low
2025-10-21 19:08:00,18.5036049,73.8848092,672684659,medium
2025-01-13 18:21:00,18.5637791,73.8339273,681264611,medium
2025-07-01 06:19:00,18.4849985,73.8556639,4342390026,high
2025-04-11 12:18:00,18.5332134,73.8500636,10241728380,medium
2025-09-19 09:07:00,18.5390942,73.8094705,822761310,low
2025-02-17 04:25:00,18.4769217,73.8477154,4703405824,low
2025-03-21 10:48:00,18.4973709,73.819351,2210952128,low
2025-04-09 10:46:00,18.485984,73.9004237,12071204532,medium
2025-09-10 21:50:00,18.4794003,73.9013225,10225499542,medium
2025-09-20 12:54:00,18.5204767,73.8589752,673345820,medium
2025-02-15 13:51:00,18.4785102,73.8085468,12025460051,low
2025-08-25 22:33:00,18.5597944,73.8536976,1407387189,medium
2025-12-02 20:46:00,18.4814651,73.8996202,10225499545,medium
2025-05-13 17:47:00,18.4980829,73.8248586,10232472531,high
2025-06-30 01:18:00,18.5310004,73.8110942,822764007,low
2025-12-23 20:27:00,18.5228709,73.8674618,247739907,medium
2025-06-10 03:21:00,18.4939868,73.8343302,10239799463,medium
2025-03-12 05:50:00,18.51989,73.8606184,2273609019,high
2025-11-09 09:38:00,18.4879379,73.851819,1224915718,low
2025-10-06 09:20:00,18.5142002,73.8341093,10230234939,low
2025-06-26 23:35:00,18.4810562,73.8603417,2235086755,low
2025-11-01 14:03:00,18.5578976,73.8785761,2631172041,medium
2025-12-24 19:32:00,18.5167618,73.8685864,772552710,high
2025-06-24 06:32:00,18.5487438,73.8708488,12553009056,low
2025-08-23 06:08:00,18.5142432,73.8461004,2266580462,low
2025-03-14 17:25:00,18.4999412,73.8395275,2207888201,high
2025-01-18 23:10:00,18.5165351,73.8365974,834076757,medium
2025-07-07 23:48:00,18.5638869,73.8408361,681254367,medium
2025-09-14 03:27:00,18.5244857,73.8525921,1645621326,medium
2025-01-10 19:45:00,18.5133767,73.858828,10226917414,low
2025-11-02 23:50:00,18.4799838,73.8247278,12069400160,low
2025-08-29 11:50:00,18.5035398,73.8427034,10230528352,low
2025-07-11 16:04:00,18.4839432,73.8121061,2252146940,medium
2025-01-07 12:29:00,18.4973877,73.853044,2184076972,medium
2025-12-31 11:15:00,18.4852159,73.8764965,1224905218,low
2025-03-28 15:57:00,18.4758384,73.8516778,692945984,low
2025-06-22 21:48:00,18.4900994,73.861357,679056755,medium
2025-08-13 18:19:00,18.5136081,73.8778733,672151107,medium
2025-05-21 05:17:00,18.5066211,73.8715713,4340841854,medium
2025-03-03 23:54:00,18.5201122,73.8334673,6015260156,low
2025-02-27 06:24:00,18.5463982,73.8867712,2954430370,low
2025-10-20 22:56:00,18.5543641,73.8726172,10242102517,medium
2025-03-29 05:49:00,18.5228585,73.869671,8002981895,low
2025-12-20 06:41:00,18.5508291,73.888614,4344205722,medium
2025-05-31 12:34:00,18.5131641,73.8614253,248436092,medium
2025-05-26 23:15:00,18.522318,73.8498274,2252429113,medium
2025-11-14 21:05:00,18.5027691,73.8685358,10227016018,high
2025-03-31 11:30:00,18.5386944,73.8340334,1182895785,low
2025-05-15 02:49:00,18.511118,73.8675138,245646821,low
2025-02-19 18:11:00,18.5223927,73.8666022,678783739,high
2025-05-27 12:33:00,18.5116703,73.8372619,2085669839,high
2025-11-09 03:28:00,18.5046607,73.8465469,2165021563,low
2025-09-24 07:37:00,18.4764432,73.8646763,10230447023,high
2025-04-02 17:04:00,18.5124342,73.81995,1599563300,low
2025-08-02 14:14:00,18.5043815,73.8310934,2858176044,medium
2025-12-12 11:37:00,18.5059722,73.8254648,2088125779,medium
2025-03-26 04:34:00,18.4812377,73.8520697,1224905823,medium
2025-09-08 10:11:00,18.4770474,73.8958367,674710678,high
2025-04-05 18:52:00,18.5400835,73.817762,7823861245,high
2025-08-27 08:31:00,18.5328876,73.8326585,4343881942,high
2025-12-18 08:36:00,18.512375,73.8304812,2188697622,medium
2025-11-16 15:12:00,18.4906668,73.82248,10991282383,medium
2025-08-08 01:23:00,18.5128694,73.8603289,673353863,low
2025-06-29 09:57:00,18.5554573,73.8749795,2629943193,high
2025-06-28 06:17:00,18.549537,73.8898074,10980086911,high
2025-04-23 09:21:00,18.4865395,73.8439801,11189997285,high
2025-11-11 22:15:00,18.4915135,73.8977061,9816859432,medium
2025-10-19 09:05:00,18.5644766,73.8295601,4445112503,medium
2025-05-17 12:01:00,18.5506092,73.8845536,4344184498,medium
2025-01-27 15:32:00,18.5499675,73.8817058,2954430667,low
2025-07-22 09:23:00,18.5056604,73.8271774,10230275691,medium
2025-02-03 15:54:00,18.4913873,73.8664943,679057955,medium
2025-05-07 03:23:00,18.5127671,73.8585031,672167152,medium
2025-12-11 12:27:00,18.5532993,73.8095556,7985015182,medium
2025-08-08 05:27:00,18.4768431,73.8311414,2210912622,low
2025-04-18 02:09:00,18.5592586,73.8506942,10242113195,low
2025-09-10 05:18:00,18.5109033,73.8090036,10223412050,high
2025-08-24 02:55:00,18.5136225,73.8776159,1223946833,medium
2025-08-14 15:14:00,18.5635531,73.8948364,4700638319,medium
2025-03-11 21:23:00,18.5183886,73.8791994,2258420057,high
2025-07-28 13:40:00,18.5104643,73.8192808,2192941093,medium
2025-08-13 17:27:00,18.4834038,73.8660858,10223165833,medium
2025-04-06 05:29:00,18.5165241,73.8479282,2266580485,medium
2025-12-23 17:51:00,18.4830897,73.8296796,8003158103,medium
2025-08-15 08:30:00,18.5164917,73.8555619,2701228459,medium
2025-08-23 01:17:00,18.5264688,73.9003172,2954520801,low
2025-05-11 19:32:00,18.5620585,73.8368562,2385076568,medium
2025-12-03 06:35:00,18.4920921,73.8985367,2270382203,low
2025-01-29 04:16:00,18.5060067,73.8249991,2088125781,medium
2025-04-09 00:47:00,18.4891261,73.8092808,10239494124,medium
2025-01-08 14:47:00,18.5446841,73.8526482,10241727664,high
2025-07-17 07:30:00,18.5038799,73.8616062,10227701537,high
2025-03-18 13:20:00,18.5073666,73.872337,673355705,medium
2025-06-13 14:35:00,18.5388366,73.8637667,4344142030,low
2025-07-28 14:51:00,18.5028656,73.8427396,10230550354,medium
2025-10-23 11:04:00,18.4809751,73.8109781,2566477842,high
2025-01-03 13:06:00,18.4763603,73.8478056,10242163060,low
2025-06-29 01:27:00,18.5240899,73.8700308,2258420184,medium
2025-01-10 10:06:00,18.5312098,73.8225925,11171222150,medium
2025-11-28 10:24:00,18.4887957,73.8711775,2234729964,medium
2025-09-10 06:07:00,18.5042378,73.8487544,678441674,low
2025-01-05 01:31:00,18.4776577,73.8878468,4346830941,high
2025-04-27 09:31:00,18.4821067,73.9006469,4701325489,low
2025-05-26 13:57:00,18.5205078,73.86482,2266620652,low
2025-06-05 11:16:00,18.5358872,73.8838726,2252430110,medium
2025-04-08 02:12:00,18.5327436,73.8342614,345129671,low
2025-10-28 20:35:00,18.550236,73.855427,10241719659,high
2025-08-08 02:48:00,18.5477353,73.8786042,2954430420,high
2025-09-19 14:06:00,18.481158,73.8573037,1765218953,medium
2025-02-22 23:09:00,18.5123465,73.8661317,10226926437,low
2025-09-09 14:54:00,18.5293917,73.9001743,2954520898,low
2025-09-24 23:46:00,18.5288164,73.8483616,4704786134,medium
2025-08-18 18:01:00,18.481291,73.8754832,2234729837,medium
2025-10-14 22:50:00,18.490462,73.8593336,2206824904,low
2025-08-14 13:46:00,18.502061,73.8789119,6270579765,medium
2025-04-13 22:13:00,18.5126023,73.8618653,10227701586,medium
2025-11-23 10:12:00,18.4755208,73.8848286,7988098119,low
2025-07-20 01:26:00,18.5092921,73.8723147,8005262226,low
2025-02-07 05:34:00,18.4755919,73.8336415,4703405932,high
2025-05-29 06:42:00,18.4816246,73.8296057,4703442938,medium
2025-01-16 17:47:00,18.5223008,73.8460285,1223956177,medium
2025-10-21 13:36:00,18.4786419,73.8275847,12035942573,medium
2025-08-29 12:28:00,18.5553463,73.8615065,2463897455,medium
2025-11-21 21:59:00,18.4894292,73.9010296,10224933307,medium
2025-07-29 02:28:00,18.5520119,73.8546475,4445153697,medium
2025-06-09 14:15:00,18.5269959,73.8367345,4342481629,high
2025-02-08 14:01:00,18.4787147,73.8857295,2383877459,low
2025-01-27 14:15:00,18.5352827,73.8323509,10111436104,high
2025-10-20 13:07:00,18.5320948,73.8127495,1090667421,low
2025-09-11 01:40:00,18.5237267,73.8639174,8008252247,low
2025-08-14 12:07:00,18.5640407,73.8514824,7629398675,medium
2025-01-28 08:57:00,18.5110912,73.8205071,4704786373,medium
2025-06-22 17:48:00,18.5485723,73.8456318,7991393737,medium
2025-01-27 08:21:00,18.4841654,73.8963293,11142783060,high
2025-10-10 06:04:00,18.5096938,73.8780178,10216245671,medium
2025-09-26 06:34:00,18.5119347,73.8722734,12017339637,low
2025-10-01 05:48:00,18.5550899,73.9007765,4447331606,medium
2025-07-30 03:05:00,18.5053411,73.8440897,4703535404,low
2025-12-19 17:56:00,18.5314286,73.8512237,10224831832,medium
2025-04-11 12:11:00,18.5439206,73.8387376,10241885951,high
2025-01-19 00:13:00,18.4969287,73.901367,4701357944,low
2025-08-09 11:34:00,18.5515472,73.8433072,2383922408,medium
2025-10-23 06:18:00,18.5312937,73.8851722,13238854356,medium
2025-11-19 18:27:00,18.5163857,73.8460498,2701228455,high
2025-06-12 23:18:00,18.5522527,73.8731955,1322020145,medium
2025-01-14 02:26:00,18.477319,73.8263853,2210912635,medium
2025-11-05 14:02:00,18.5064546,73.8887815,674910209,high
2025-10-11 08:09:00,18.4947093,73.8634992,679054000,medium
2025-02-19 08:03:00,18.4865054,73.8155122,2252147240,low
2025-07-08 20:43:00,18.5098147,73.8508977,2266580412,low
2025-08-17 12:44:00,18.5048957,73.9015531,7999060722,medium
2025-01-25 13:26:00,18.4768748,73.896184,12120087079,high
2025-03-09 03:19:00,18.5021391,73.8241471,10230361739,high
2025-04-19 13:17:00,18.4838637,73.8098785,9544339672,medium
2025-08-14 18:06:00,18.5258688,73.8524137,824465352,high
2025-07-24 08:36:00,18.5575821,73.846395,7991393667,low
2025-08-30 04:28:00,18.5155788,73.8645231,672165235,medium
2025-10-15 21:07:00,18.522318,73.8498274,2252429113,medium
2025-02-21 05:50:00,18.5140614,73.8614161,10226925023,medium
2025-05-14 23:52:00,18.5276894,73.8476069,4704786141,medium
2025-10-20 06:56:00,18.5002841,73.8122201,2455119488,high
2025-11-27 09:01:00,18.485984,73.9004237,12071204532,low
2025-02-03 08:11:00,18.4941681,73.82603,10232411921,high
2025-03-20 04:16:00,18.4983942,73.8728319,2994147888,low
2025-03-25 08:46:00,18.5184482,73.8834558,245647031,medium
2025-01-02 22:32:00,18.4854729,73.8513595,4346810465,medium
2025-08-07 04:48:00,18.5246803,73.8413694,245647055,medium
2025-01-18 02:27:00,18.487231,73.8224468,1224048978,high
2025-01-15 13:18:00,18.4801058,73.8454276,2265732492,low
2025-10-22 13:40:00,18.5227843,73.8997789,2954518724,medium
2025-04-18 19:33:00,18.4794933,73.8236609,7218293390,low
2025-01-06 16:09:00,18.5168521,73.8760282,10214065495,high
2025-08-22 23:12:00,18.4821548,73.8344697,12036158252,low
2025-08-16 20:22:00,18.5145942,73.8325649,2251843236,low
2025-03-31 16:05:00,18.4746981,73.8307881,4703405950,high
2025-02-04 18:29:00,18.5164157,73.8671826,10225181870,low
2025-08-18 22:32:00,18.5127671,73.8585031,672167152,low
2025-08-13 01:00:00,18.5214252,73.8547642,10225007114,low
2025-05-17 11:34:00,18.5290422,73.8303546,2203119323,medium
2025-03-17 06:18:00,18.5064546,73.8887815,674910209,medium
2025-07-09 23:55:00,18.5016058,73.8692255,2259729559,medium
2025-03-28 11:22:00,18.5067765,73.8215132,2455119786,medium
2025-05-14 13:06:00,18.4992977,73.829344,10230279393,medium
2025-08-11 15:15:00,18.5087404,73.8556584,10996560588,medium
2025-04-02 19:29:00,18.5220524,73.849317,3017579800,low
2025-08-10 14:00:00,18.4978666,73.8287911,10232405694,medium
2025-02-19 15:43:00,18.562283,73.8473182,4447481897,low
2025-06-04 21:30:00,18.4952367,73.8375084,2583595383,medium
2025-09-12 18:46:00,18.5228376,73.8530835,8404611972,low
2025-12-26 04:14:00,18.5211268,73.8552092,2859985565,medium
2025-01-16 14:25:00,18.4988293,73.8962999,10225125874,medium
2025-06-09 00:13:00,18.5061739,73.8685425,2279109694,high
2025-05-28 16:14:00,18.4832978,73.8608645,8009056702,low
2025-05-08 17:51:00,18.5633886,73.8315743,4445112446,low
2025-09-18 11:50:00,18.5556523,73.8119389,11029698895,low
2025-09-21 15:27:00,18.5086701,73.858662,2266655283,low
2025-06-03 05:44:00,18.5048924,73.8621455,673349638,low
2025-08-22 20:00:00,18.4885312,73.8723556,2234729957,medium
2025-05-11 21:07:00,18.5120878,73.8098634,10223412073,medium
2025-01-10 06:48:00,18.5010896,73.8557223,3461721611,medium
2025-02-23 01:08:00,18.5496652,73.8400736,7988196558,medium
2025-05-12 15:34:00,18.547249,73.8433517,1226591595,low
2025-10-27 04:12:00,18.4896011,73.8229491,12231120540,low
2025-09-07 14:20:00,18.5183339,73.8414602,834083143,low
2025-02-22 09:44:00,18.4906841,73.8447797,10239728246,high
2025-02-08 00:16:00,18.5050494,73.851157,2165021579,medium
2025-09-29 12:35:00,18.4773914,73.9018931,11927465042,low
2025-12-16 14:06:00,18.533038,73.8945335,10239955114,medium
2025-02-14 07:55:00,18.4962299,73.8318797,11978085113,low
2025-05-01 01:28:00,18.4972326,73.8746984,7151015316,medium
2025-11-21 13:21:00,18.4969393,73.843251,4345343015,low
2025-08-25 02:07:00,18.5100454,73.8887591,2558443453,low
2025-04-13 23:29:00,18.5076203,73.8306396,2162277874,medium
2025-10-09 04:16:00,18.5134161,73.85508,678440477,medium
2025-10-04 06:00:00,18.4989826,73.8301634,1224079298,medium
2025-10-06 23:58:00,18.4809435,73.8197429,2558563186,high
2025-05-22 08:54:00,18.5344123,73.8345807,4343881959,medium
2025-02-03 15:30:00,18.510507,73.877984,10216245690,medium
2025-11-21 23:18:00,18.5060463,73.8659742,673350844,low
2025-07-10 22:39:00,18.4767994,73.8237799,2280406652,medium
2025-02-02 00:26:00,18.4985945,73.8300861,2194046012,medium
2025-06-08 19:14:00,18.5385543,73.8360041,3337851806,low
2025-05-26 08:40:00,18.4852454,73.8540296,10223386052,medium
2025-07-21 21:47:00,18.5316252,73.8228678,2251843478,medium
2025-09-24 19:46:00,18.5196301,73.8493401,2258420067,low
2025-03-24 08:24:00,18.5110817,73.8317608,1223958556,medium
2025-02-06 22:34:00,18.5424715,73.8287475,10112960127,medium
2025-04-27 19:52:00,18.5074205,73.8626906,10591500465,high
2025-12-31 17:00:00,18.5494877,73.8843,1393678614,medium
2025-02-21 22:42:00,18.5190815,73.8538421,2701228472,medium
2025-02-24 05:47:00,18.5330781,73.8885855,10239955122,medium
2025-10-02 00:45:00,18.5165799,73.8747272,10213640216,high
2025-11-09 13:51:00,18.489005,73.8156259,6263254701,medium
2025-01-26 22:46:00,18.4821521,73.8948496,10225060701,medium
2025-12-18 03:10:00,18.5202271,73.8830919,8005388964,low
2025-06-05 16:37:00,18.5241082,73.8508271,10225215927,low
2025-12-10 15:11:00,18.5023123,73.8590172,10989280812,medium
2025-02-11 09:07:00,18.4793501,73.852588,2265732467,high
2025-12-03 03:08:00,18.4980294,73.8269621,1858974325,low
2025-10-10 15:57:00,18.495057,73.8644859,679052651,medium
2025-09-09 12:33:00,18.5083146,73.8465514,678441186,medium
2025-12-30 15:15:00,18.4812297,73.8351811,2210912716,high
2025-12-17 18:47:00,18.5109385,73.877966,10216248158,high
2025-08-11 04:15:00,18.5604899,73.8949415,663592121,medium
2025-04-06 18:13:00,18.5519709,73.8793741,2954431100,medium
2025-10-14 15:44:00,18.49528,73.8131044,1715922988,high
2025-02-22 19:55:00,18.5057373,73.8745277,678823290,medium
2025-03-12 22:30:00,18.4807735,73.8255174,6240706909,low
2025-07-24 04:12:00,18.5396434,73.8322966,9840222727,high
2025-07-15 06:30:00,18.5148875,73.862818,2266620519,low
2025-11-29 05:35:00,18.5206564,73.8689759,1243107155,low
2025-08-14 02:21:00,18.4982437,73.8153945,9984555515,low
2025-11-10 14:03:00,18.5491095,73.9010118,10225748540,medium
2025-08-17 17:34:00,18.5029419,73.8635373,10227050286,high
2025-08-01 19:16:00,18.4965264,73.8378072,2207888127,low
2025-07-23 01:03:00,18.4875609,73.8539498,2206824691,medium
2025-06-26 19:55:00,18.4889587,73.8472335,1255239211,low
2025-09-13 12:47:00,18.4808861,73.8719646,10225236688,medium
2025-02-24 08:45:00,18.5152584,73.8479238,2266580474,medium
2025-09-03 12:54:00,18.4903544,73.8318266,11137735355,medium
2025-03-04 04:47:00,18.5248576,73.842957,2251843300,medium
2025-03-24 01:54:00,18.5141856,73.8326692,10230241521,medium
2025-04-25 09:15:00,18.5264433,73.8351178,4342481620,medium
2025-04-16 22:54:00,18.5004237,73.8618533,10227076523,medium
2025-10-13 00:30:00,18.5216428,73.8773133,850590406,medium
2025-05-14 16:14:00,18.4746514,73.8385659,8005717200,medium
2025-12-27 22:03:00,18.5165001,73.8728107,10213633283,low
2025-04-29 22:43:00,18.5009244,73.849697,2207888209,low
2025-04-29 17:22:00,18.4969393,73.843251,4345343015,low
2025-03-13 18:13:00,18.5618957,73.8514668,10242113205,medium
2025-10-21 00:52:00,18.4773914,73.9018931,11927465042,medium
2025-12-31 23:19:00,18.5527423,73.8847608,2954431159,high
2025-10-11 08:35:00,18.5520251,73.8870873,10242102607,medium
2025-12-17 13:07:00,18.5112644,73.8210679,2252147978,medium
2025-01-01 17:06:00,18.4797842,73.8528113,1224905873,medium
2025-10-02 09:48:00,18.5302971,73.8984279,2954520912,medium
2025-05-07 13:09:00,18.5025255,73.8760416,8005259851,low
2025-10-13 20:28:00,18.5200909,73.8513242,10291350260,low
2025-10-05 02:23:00,18.5297766,73.8253704,2251843429,medium
2025-05-12 00:07:00,18.5074292,73.8271306,10023337564,medium
2025-06-28 05:19:00,18.5540769,73.8681712,2631099419,medium
2025-07-23 06:21:00,18.5447494,73.8800672,4344168686,low
2025-01-19 14:43:00,18.5112652,73.8686137,2935676363,medium
2025-12-03 21:16:00,18.5057261,73.8147067,2455119710,low
2025-07-15 08:03:00,18.5532993,73.8095556,7985015182,medium
2025-10-14 13:53:00,18.4917716,73.8273307,2194045760,medium
2025-09-12 20:59:00,18.5095606,73.8130356,2092676746,low
2025-02-04 02:35:00,18.5588024,73.8743217,10242099628,high
2025-07-27 18:42:00,18.4885896,73.8423835,2204632415,medium
2025-08-18 15:57:00,18.4989143,73.8320309,10232472525,high
2025-09-10 21:26:00,18.5073416,73.871427,674071208,medium
2025-05-03 12:28:00,18.5147029,73.8566723,245646819,low
2025-04-16 23:56:00,18.5328976,73.8501608,10241728377,medium
2025-04-13 03:17:00,18.4875609,73.8539498,2206824691,low
2025-08-22 06:50:00,18.5220524,73.849317,3017579800,low
2025-08-11 15:43:00,18.4793136,73.8607563,2265785090,medium
2025-12-08 20:16:00,18.5411906,73.8641434,1920125904,high
2025-02-01 13:05:00,18.5134075,73.8497745,10982191099,high
2025-11-04 05:50:00,18.5168399,73.8628872,672165476,medium
2025-06-03 21:57:00,18.5029853,73.9017242,11192526108,medium
2025-04-18 07:00:00,18.540716,73.853037,2252430324,medium
2025-04-29 01:54:00,18.5153778,73.8659635,247739752,low
2025-05-29 10:13:00,18.5279702,73.8306551,2203119309,low
2025-08-16 13:36:00,18.4895165,73.8477899,2204632435,medium
2025-10-07 03:18:00,18.5034331,73.8498372,2207888260,medium
2025-04-08 10:47:00,18.5279718,73.826166,2251843372,medium
2025-05-13 08:46:00,18.495573,73.87508,2994147862,low
2025-08-29 12:06:00,18.5019171,73.8709499,11078520788,medium
2025-11-13 16:37:00,18.5130361,73.8624535,678448021,low
2025-03-16 18:46:00,18.5500256,73.8859423,1393678605,high
2025-07-03 19:13:00,18.4893041,73.8693309,679058786,high
2025-10-01 20:35:00,18.5370843,73.862909,7615222188,high
2025-09-28 13:32:00,18.5134238,73.8346682,2188697657,medium
2025-05-25 19:26:00,18.4767973,73.8962676,12120087081,medium
2025-02-10 04:34:00,18.5104556,73.8197074,2192941092,high
2025-09-26 19:18:00,18.5591193,73.8746919,10242099618,medium
2025-04-11 09:08:00,18.5207981,73.8517269,2701228493,medium
2025-05-22 03:45:00,18.5247307,73.8400421,10241762861,medium
2025-10-08 13:17:00,18.5640142,73.8306944,1226531088,medium
2025-02-22 06:25:00,18.530781,73.8228611,2251843454,medium
2025-12-15 11:35:00,18.5165821,73.8431043,7611940226,low
2025-06-07 11:07:00,18.5485392,73.8409206,2383922371,medium
2025-11-02 13:00:00,18.5408629,73.8796064,10228056518,medium
2025-12-17 19:37:00,18.5295963,73.9008795,2954520904,medium
2025-09-29 01:17:00,18.548627,73.8464237,2383922376,high
2025-08-19 05:04:00,18.4937213,73.9012986,2270382286,low
2025-09-07 04:33:00,18.5172188,73.858075,2266620579,high
2025-11-06 20:11:00,18.5542226,73.8953856,245648420,low
2025-09-14 08:51:00,18.4851061,73.8470391,2204632308,medium
2025-06-24 15:04:00,18.5134168,73.8862004,2558443580,low
2025-07-14 02:14:00,18.4991217,73.9000711,2892724331,medium
2025-05-04 23:57:00,18.5457442,73.8257271,670336134,medium
2025-08-13 03:18:00,18.4895141,73.861996,6261166964,low
2025-05-26 15:16:00,18.5460757,73.8461609,2385076398,low
2025-05-01 20:23:00,18.5501169,73.8173228,2253906541,high
2025-04-08 04:40:00,18.4852059,73.8220708,10232327632,medium
2025-09-24 10:06:00,18.4886027,73.8459533,2204632416,high
2025-12-05 20:51:00,18.5492858,73.8547609,2183021179,medium
2025-04-16 10:57:00,18.5510912,73.8537413,10241719646,medium
2025-11-17 23:35:00,18.5481738,73.8837101,2954430448,low
2025-10-26 12:41:00,18.5190211,73.8342413,2251843284,high
2025-09-20 08:41:00,18.5203196,73.9012272,2618538712,high
2025-08-28 11:48:00,18.5225687,73.8671709,12078758368,low
2025-04-29 19:08:00,18.5293967,73.8812177,10214458350,low
2025-10-01 19:03:00,18.5031348,73.8318086,763446507,medium
2025-03-15 19:37:00,18.4946212,73.8303249,8003309019,medium
2025-06-25 03:28:00,18.5518056,73.8831425,7992746077,medium
2025-09-01 21:09:00,18.4991856,73.8404944,2265917507,low
2025-06-05 18:39:00,18.5640407,73.8514824,7629398675,low
2025-07-15 03:39:00,18.4816246,73.8296057,4703442938,low
2025-04-15 21:45:00,18.4763603,73.8478056,10242163060,high
2025-04-15 18:41:00,18.5178675,73.8671144,2273608984,high
2025-02-19 01:49:00,18.5498095,73.8395488,248397577,medium
2025-02-20 12:39:00,18.5302735,73.8233344,1229137922,medium
2025-11-29 00:22:00,18.4961212,73.894815,2265513018,medium
2025-06-25 14:42:00,18.5046584,73.8634179,7975488617,high
2025-09-23 15:50:00,18.5118953,73.8213821,2252147981,medium
2025-01-28 23:59:00,18.5581491,73.8758001,7210793974,high
2025-09-24 23:45:00,18.4889904,73.8165101,392161628,medium
2025-05-21 07:09:00,18.5164279,73.8678413,10988884865,medium
2025-07-15 15:16:00,18.4788584,73.8092919,2280623472,high
2025-06-24 03:04:00,18.4757489,73.8600421,692940507,high
2025-01-23 11:28:00,18.5551753,73.8903285,12124231127,medium
2025-01-01 05:29:00,18.4779004,73.8529153,2204632200,medium
2025-01-27 03:04:00,18.5577533,73.8780261,2631172038,low
2025-03-01 23:36:00,18.5578345,73.8951332,13301625071,medium
2025-07-28 13:53:00,18.5296075,73.859277,10224923460,low
2025-04-01 21:59:00,18.4974808,73.8225219,10300228744,medium
2025-08-04 11:02:00,18.5129358,73.8116892,7998931745,medium
2025-03-08 10:00:00,18.5021536,73.8847844,2038559391,medium
2025-05-27 11:30:00,18.5020962,73.8410933,10230550368,medium
2025-01-15 01:23:00,18.5034627,73.8513959,2165021544,medium
2025-03-08 19:40:00,18.5018998,73.8817704,1214696087,medium
2025-12-14 17:09:00,18.4792799,73.8604631,11254841571,medium
2025-06-22 04:16:00,18.5103137,73.8847861,2558443484,low
2025-05-02 07:01:00,18.4880718,73.8754661,10225156946,medium
2025-02-10 09:31:00,18.4965982,73.8209127,2194045948,medium
2025-07-21 15:57:00,18.531728,73.8954961,11330917126,medium
2025-10-04 02:22:00,18.4818109,73.8765306,2234729854,medium
2025-07-29 17:08:00,18.4943089,73.8346621,1705497272,low
2025-10-13 07:39:00,18.5591584,73.8964995,2514907596,medium
2025-01-29 04:44:00,18.4903948,73.8115107,2566478042,medium
2025-01-22 22:24:00,18.5552871,73.8478185,10242108242,medium
2025-09-02 17:12:00,18.5198487,73.8529912,2701228488,low
2025-09-15 21:12:00,18.4956452,73.8118518,763446373,medium
2025-11-11 11:49:00,18.5262444,73.8503993,824465346,low
2025-03-12 16:22:00,18.4786866,73.8093327,2566477757,medium
2025-10-23 19:22:00,18.4901407,73.8619394,679056754,medium
2025-12-13 02:17:00,18.4798939,73.8102487,12032706031,low
2025-03-17 02:57:00,18.554838,73.8957785,12032807548,medium
2025-11-02 04:56:00,18.5066703,73.85712,2162277857,low
2025-10-08 08:23:00,18.4995981,73.8399699,2207888191,low
2025-09-24 11:30:00,18.5578345,73.8951332,13301625071,medium
2025-07-26 00:15:00,18.4994677,73.8702476,692934288,high
2025-12-14 05:34:00,18.5039416,73.8381346,2207888270,low
2025-04-12 01:39:00,18.4813596,73.9007214,2036700665,medium
2025-12-02 19:12:00,18.5055795,73.8138258,10223480941,high
2025-04-28 19:27:00,18.5101306,73.8604044,4703358717,low
2025-07-31 19:55:00,18.4888419,73.824975,7673096699,medium
2025-11-29 04:50:00,18.4769213,73.894116,2034848562,low
2025-10-02 08:29:00,18.5076134,73.845611,9960822847,medium
2025-03-11 23:19:00,18.4847863,73.8501251,10239810755,high
2025-03-28 14:15:00,18.4935247,73.89883,7161943800,medium
2025-07-14 01:20:00,18.5407417,73.8788139,10228056528,medium
2025-08-21 09:23:00,18.4873374,73.8236726,2252147334,medium
2025-08-08 15:36:00,18.5028656,73.8427396,10230550354,high
2025-02-28 13:37:00,18.5566366,73.8092274,2668919386,medium
2025-11-30 19:40:00,18.4980588,73.8284534,2194045990,medium
2025-05-05 06:00:00,18.5563897,73.8396696,508048922,medium
2025-12-02 12:21:00,18.4852159,73.8764965,1224905218,medium
2025-01-29 04:56:00,18.5465304,73.8743553,2940513883,medium
2025-05-10 06:34:00,18.5338748,73.8723887,10980024817,medium
2025-11-28 13:41:00,18.5264294,73.8373242,10225220361,high
2025-09-15 09:43:00,18.5266102,73.8629898,4703358288,medium
2025-06-25 16:55:00,18.5329779,73.8316912,10241642597,medium
2025-10-12 17:57:00,18.5507296,73.8480473,4343899328,medium
2025-10-08 17:50:00,18.4809279,73.8644232,7152018375,medium
2025-07-09 08:09:00,18.4811636,73.856174,10216260859,medium
2025-02-01 21:23:00,18.4881421,73.8618481,679063185,low
2025-01-03 15:56:00,18.5269777,73.8753319,6304777707,medium
2025-10-18 03:07:00,18.541144,73.8906575,2252430349,medium
2025-09-28 07:47:00,18.5555983,73.8963694,10242051536,medium
2025-10-31 11:38:00,18.4883067,73.8145996,1714078078,low
2025-03-15 06:31:00,18.5124305,73.8215632,4704786383,low
2025-02-11 15:29:00,18.480993,73.8135017,10241673610,medium
2025-09-06 09:40:00,18.4868258,73.812407,13747636157,medium
2025-11-16 20:16:00,18.5139303,73.8593624,10226925018,medium
2025-03-22 10:16:00,18.541918,73.8902299,1400881149,low
2025-07-19 19:35:00,18.5600448,73.8934919,10242029917,low
2025-07-06 18:57:00,18.4774037,73.8271952,2210912637,medium
2025-10-15 21:21:00,18.4817012,73.875505,10225236711,medium
2025-08-27 02:55:00,18.5612625,73.8094683,1227803061,low
2025-05-25 04:51:00,18.5507982,73.8866998,4344205701,low
2025-07-30 06:31:00,18.4894296,73.8593748,679056655,medium
2025-08-14 02:50:00,18.5011882,73.8671524,2265917516,high
2025-06-04 00:14:00,18.5554821,73.8614119,2807777053,medium
2025-04-07 03:41:00,18.5092993,73.8159003,2192941032,high
2025-12-05 17:28:00,18.4772923,73.8609921,2265785074,high
2025-01-05 10:42:00,18.5300266,73.8556505,3238256066,medium
2025-09-28 04:59:00,18.4808658,73.8660738,2234729811,low
2025-03-21 19:44:00,18.480232,73.8291837,10227841645,low
2025-10-14 15:26:00,18.4899288,73.8866119,245645855,high
2025-12-15 07:48:00,18.5086051,73.8313753,662075683,high
2025-06-18 20:54:00,18.5189191,73.8319446,2251843276,medium
2025-04-14 20:28:00,18.5003721,73.8274429,4703535440,medium
2025-10-08 18:36:00,18.4833303,73.8517239,1776034436,low
2025-11-20 03:47:00,18.4913761,73.8235358,2194045749,medium
2025-01-24 18:45:00,18.554983,73.8746374,9880677401,medium
2025-06-18 02:33:00,18.5232017,73.8546219,245647102,medium
2025-11-18 13:43:00,18.4960819,73.8204618,2194045912,medium
2025-07-01 03:21:00,18.5171381,73.8638434,10225196212,low
2025-03-16 22:51:00,18.5022065,73.8440251,10230159928,low
2025-11-29 14:19:00,18.5472088,73.8845115,10228011885,low
2025-06-19 19:13:00,18.4943722,73.8555606,8009762892,medium
2025-04-19 07:25:00,18.5022065,73.8440251,10230159928,high
2025-11-30 06:54:00,18.4758774,73.8885719,10225446818,low
2025-03-17 04:22:00,18.4819772,73.8324452,2210912725,low
2025-03-20 12:03:00,18.4918829,73.8225647,2194045763,high
2025-08-20 13:08:00,18.5289579,73.8393026,2265580357,low
2025-05-14 23:54:00,18.5217659,73.8960913,245647141,low
2025-04-08 13:17:00,18.5444984,73.8266441,13105492123,medium
2025-05-21 14:10:00,18.5145251,73.8537421,245646826,medium
2025-07-27 22:45:00,18.5119367,73.8084872,2192941157,medium
2025-04-30 14:21:00,18.4816668,73.8607532,2265785098,high
2025-03-24 16:12:00,18.5643753,73.8308262,681265520,medium
2025-09-09 11:55:00,18.5493657,73.8548122,2183021180,low
2025-12-08 07:40:00,18.5117846,73.8600503,7975965666,medium
2025-12-04 07:29:00,18.4916692,73.8515252,10239784238,medium
2025-06-22 09:11:00,18.5128868,73.8219247,4704786387,high
2025-09-02 11:30:00,18.5377332,73.8529132,8006501032,medium
2025-08-01 14:32:00,18.513962,73.83749,1355426337,medium
2025-01-25 08:06:00,18.514208,73.8841214,672150659,medium
2025-05-20 23:27:00,18.477733,73.8331315,10227814585,high
2025-09-26 00:28:00,18.4858717,73.8135564,9911320040,medium
2025-12-20 20:47:00,18.5492984,73.8486577,4343899331,low
2025-04-04 02:17:00,18.5527194,73.8895661,7319650349,medium
2025-02-14 04:04:00,18.508621,73.8641725,4340841803,low
2025-09-04 00:37:00,18.4940588,73.8579948,2262754074,high
2025-06-19 04:41:00,18.5059065,73.8159362,2455119724,medium
2025-11-03 01:33:00,18.5051218,73.8523595,1392873242,low
2025-06-29 13:07:00,18.548058,73.8454141,2383922367,medium
2025-12-26 09:03:00,18.526237,73.8638047,4703358591,high
2025-04-05 01:03:00,18.4757859,73.8527813,10230652743,high
2025-02-19 06:10:00,18.4995801,73.8584541,3836852875,low
2025-12-21 12:51:00,18.4937041,73.8113118,1705538042,medium
2025-03-02 20:29:00,18.5348363,73.8346539,4343881955,low
2025-03-28 00:08:00,18.5494998,73.8909276,2954430523,low
2025-08-13 05:11:00,18.5235528,73.8588112,11399683544,high
2025-05-18 21:58:00,18.4860122,73.8850395,11204370831,low
2025-05-02 21:08:00,18.5069112,73.8277097,7690526400,medium
2025-04-08 05:22:00,18.4752224,73.8389731,8005717185,medium
2025-03-31 14:58:00,18.4894894,73.8700536,2234597587,low
2025-10-28 23:27:00,18.5357727,73.8738641,10228080493,low
2025-06-17 07:14:00,18.5276894,73.8476069,4704786141,medium
2025-05-06 15:30:00,18.5150955,73.8700007,10226956251,low
2025-11-27 04:25:00,18.5554464,73.861651,2183016855,high
2025-07-29 23:36:00,18.4814753,73.9026698,10225559840,medium
2025-01-25 23:26:00,18.5506125,73.8433117,2383922403,high
2025-03-03 23:30:00,18.517852,73.8180829,10049068991,high
2025-11-15 14:39:00,18.5225663,73.8671754,11402593677,medium
2025-06-23 17:48:00,18.5083342,73.8308492,10230206919,low
2025-01-31 01:05:00,18.5221734,73.8658534,247740224,low
2025-03-18 07:35:00,18.508508,73.8712097,4343937949,low
2025-10-17 17:26:00,18.5049088,73.8297891,2613323477,medium
2025-04-30 23:56:00,18.4835047,73.8155373,2252146895,medium
2025-03-18 03:25:00,18.5041505,73.8533378,6202055637,medium
2025-06-20 04:36:00,18.5214191,73.8420007,7975350677,low
2025-11-19 08:54:00,18.5395241,73.8945497,2848157455,low
2025-05-30 03:40:00,18.4874593,73.8243752,4703535615,low
2025-12-20 09:38:00,18.479703,73.8107471,10241673634,high
2025-03-19 19:29:00,18.4853075,73.8466688,8009271739,low
2025-06-28 21:55:00,18.4820555,73.8529118,2206824381,medium
2025-06-28 10:42:00,18.4907494,73.8274131,2194045741,medium
2025-10-15 14:55:00,18.5021343,73.8476065,10230541364,medium
2025-10-22 02:38:00,18.5125973,73.8521508,2266580450,medium
2025-08-19 23:41:00,18.5552257,73.8565818,10241877469,medium
2025-06-26 01:13:00,18.5399177,73.8362323,2251843529,high
2025-03-13 22:08:00,18.5100469,73.8747653,8005347209,medium
2025-04-09 15:38:00,18.5542538,73.8193987,6038661684,low
2025-08-12 21:05:00,18.4868702,73.8539876,1224915775,medium
2025-02-22 02:04:00,18.5493615,73.8787898,2954430512,medium
2025-02-28 11:56:00,18.4888762,73.8707412,10636146274,low
2025-07-11 18:05:00,18.5144722,73.832725,10230241520,medium
2025-12-23 23:46:00,18.5018441,73.8300553,2265580069,low
2025-04-03 02:16:00,18.5024765,73.8587663,9913922011,medium
2025-06-30 19:23:00,18.5105103,73.807979,2192941095,low
